<?xml version="1.0" encoding="UTF-8"?>
<datasources>
    <local-tx-datasource>
        <jndi-name>PostgresDS</jndi-name>
        <connection-url>jdbc:postgresql://localhost:5432/postgres</connection-url>
        <driver-class>org.postgresql.driver</driver-class>
        <user-name>RKrauss</user-name>
        <password></password>
        <min-pool-size>5</min-pool-size>
        <max-pool-size>20</max-pool-size>
        <idle-timeout-minutes>5</idle-timeout-minutes>
    </local-tx-datasource>
</datasources>


